batch_size,Triton,Torch,TorchCompile
2.000000,42.066624,43.871361,42.442383
4.000000,84.262909,85.932259,82.830658
8.000000,180.536453,172.556061,166.607193
